"Reference","Value","Footprint","LCSC","Datasheet"
"C2-C4,C7,C9,C11,C14,C23,C27,C29,C33,C45,C47,C49","100nF","Capacitor_SMD:C_0603_1608Metric","C14663",""
"C6","4.7uF","Capacitor_SMD:C_0603_1608Metric","C19666",""
"C8,C10,C24","1uF","Capacitor_SMD:C_0603_1608Metric","C15849",""
"C12,C13,C25,C34,C35","2.2uF","Capacitor_SMD:C_0603_1608Metric","C23630",""
"C15,C16","15pF","Capacitor_SMD:C_0603_1608Metric","C1644",""
"C18","1uF","Capacitor_SMD:C_0603_1608Metric","C90540",""
"C19","100uF 10V","Capacitor_Tantalum_SMD:CP_EIA-6032-28_Kemet-C","C8649",""
"C20-C22,C44","22uF","Capacitor_SMD:C_1206_3216Metric","C12891",""
"C28,C30,C32,C46,C48","10uF","Capacitor_SMD:C_0603_1608Metric","C19702",""
"C55","1nF","Capacitor_SMD:C_0603_1608Metric","C1588",""
"C56,C58","10nF","Capacitor_SMD:C_0402_1005Metric","C15195",""
"C57,C61,C165-C167","100nF","Capacitor_SMD:C_0402_1005Metric","C1525",""
"C101,C113,C116,C118,C127,C130,C134,C143-C157,C162,C163","100nF","cubevox:C0603","C14663",""
"C111","2.2uF","cubevox:C0603","C23630",""
"C112,C114,C115","22uF","cubevox:C1206","C12891",""
"C117,C135,C137,C138","10uF","cubevox:C1206","C14860",""
"C119,C123","100pF","cubevox:C0603","C14858",""
"C120,C124","47uF 25V","cubevox:CAP-SMD_BD6.3-L6.6-W6.6-LS7.6-FD","C72521",""
"C121,C125,C139,C141,C160","10uF 25V","cubevox:CAP-SMD_BD4.0-L4.3-W4.3-FD","C72484",""
"C128,C129,C132","47pF","cubevox:C0603","C1671",""
"C136,C161","2.2nF","cubevox:C0603","C2991172",""
"C142","10nF","cubevox:C0603","C57112",""
"C158","22uF 25V NP","cubevox:CAP-SMD_BD6.3-L6.6-W6.6-FD","C413679",""
"C159","100uF 10V","cubevox:CAP-SMD_BD5.0-L5.3-W5.3-LS6.3-FD","C191859",""
"C164,C168,C169","10uF","Capacitor_SMD:C_0805_2012Metric","C15850",""
"D1","USER red","cubevox_h7core:LED-SMD_L1.6-W0.8-R-RD","C2286",""
"D2","USBLC6-2SC6","cubevox_h7core:SOT-23-6_L2.9-W1.6-P0.95-LS2.8-BL","C2687116",""
"D3","PWR red","cubevox_h7core:LED-SMD_L1.6-W0.8-R-RD","C2286",""
"D104,D109","1N4148W","cubevox:SOD-123F_L2.7-W1.6-LS3.8-RD","C81598",""
"D105","SMBJ15CA","cubevox:SMB_L4.4-W3.6-LS5.4-BI","C19077570",""
"D106","SS34","cubevox:SMA_L4.3-W2.6-LS5.2-RD","C8678",""
"D107,D108","BAT54S","cubevox_h7core:SOT-23_L2.9-W1.3-P1.90-LS2.4-BR","C19726",""
"ENC101","EC11E15244B2","cubevox:SW-TH_EC11E","C470754",""
"ENC102,ENC103","EC11E15204A3","cubevox:SW-TH_EC11E","C470710",""
"FB1,FB101,FB102","120R@100MHz","Inductor_SMD:L_0603_1608Metric","C14709",""
"J1","USB-C","cubevox_h7core:USB-C-SMD_TYPE-C16PIN","C393939",""
"J101","J_IN NCJ6FA-H","cubevox:CONN-TH_NCJ6FA-H","C368458",""
"J106","DC 9V","cubevox:DC-IN-TH_PJ-002A","C3096082",""
"J108","OUT 6.35mm","cubevox:AUDIO-TH_PJ-611E_1","C309282",""
"J117","OLED SH1106","cubevox:OLED-1.3-SH1106-I2C-4P","C42379197",""
"K101,K102","G6K-2F-Y DC5","cubevox:RELAY-SMD_G6K-2F-X-XX","C47190",""
"L1","3.9uH","cubevox_h7core:IND-SMD_L5.0-W5.0","C7427132",""
"L101","4.7uH","cubevox:IND-SMD_L5.0-W5.0_ANR5040T","C7427135",""
"Q101","MMBT3904","cubevox:SOT-23-3_L2.9-W1.3-P1.90-LS2.4-BR","C20526",""
"R1","0R","Resistor_SMD:R_0603_1608Metric","C21189",""
"R2,R16","10k","Resistor_SMD:R_0603_1608Metric","C25804",""
"R3,R10","680R","Resistor_SMD:R_0603_1608Metric","C23228",""
"R4,R5","5.1k","Resistor_SMD:R_0603_1608Metric","C23186",""
"R6","33k","Resistor_SMD:R_0603_1608Metric","C4216",""
"R7","82k","Resistor_SMD:R_0603_1608Metric","C23254",""
"R20","10R","Resistor_SMD:R_0603_1608Metric","C22859",""
"R27,R156,R157","33R","Resistor_SMD:R_0402_1005Metric","C25105",""
"R29","33R","Resistor_SMD:R_0603_1608Metric","C23140",""
"R30","100R","Resistor_SMD:R_0603_1608Metric","C22775",""
"R101,R104","47R","cubevox:R0603","C23182",""
"R102,R105","22k","cubevox:R0603","C31850",""
"R103,R106","1.2k","cubevox:R0603","C22765",""
"R108,R110","4.53k","cubevox:R0603","C25971",""
"R109,R126,R150","1k","cubevox:R0603","C21190",""
"R111-R114","10k 0.1%","cubevox:R0603","C309083",""
"R116","330R","cubevox:R0603","C23138",""
"R117,R118,R120,R122,R127-R141,R151,R152","10k","cubevox:R0603","C25804",""
"R119,R124","100R","cubevox:R0603","C22775",""
"R123","15k","cubevox:R0603","C22809",""
"R125,R144,R145,R148,R149,R153","100k","cubevox:R0603","C25803",""
"R142,R143","4.7k","cubevox:R0603","C23162",""
"R146","22R","cubevox:R0603","C23345",""
"R147","470R","cubevox:R0603","C23179",""
"R154,R155","10k","Resistor_SMD:R_0402_1005Metric","C25744",""
"RV101-RV114","10k","cubevox:RES-ADJ-TH_RK09D1130C2P","C361173",""
"RVGAIN1","10k GAIN","cubevox:RES-ADJ-TH_RK09D1130C2P","C361173",""
"SW101-SW108,SWBYPASS1","ST-0-102 bat toggle","cubevox:SW-TH_3P-L8.3-W5.2-P2.54_ST-0-102-A01-T000","C1788487",""
"SWBOOT1","BOOT0","cubevox_h7core:SW-SMD_4P-L5.1-W5.1-P3.70-LS6.5-TL_H1.5","C318884",""
"SWRESET1","RESET","cubevox_h7core:SW-SMD_4P-L5.1-W5.1-P3.70-LS6.5-TL_H1.5","C318884",""
"U1","STM32H743VIT6","cubevox_h7core:LQFP-100_L14.0-W14.0-P0.50-LS16.0-BL","C114409",""
"U3","AP63203WU-7","cubevox_h7core:TSOT-26_L2.9-W1.6-P0.95-LS2.8-BL","C780769",""
"U4","TLV75533PDBVR","cubevox_h7core:SOT-23-5_L3.0-W1.7-P0.95-LS2.8-BR","C404027",""
"U6","PCM5102APWR","cubevox_h7core:TSSOP-20_L6.5-W4.4-P0.65-LS6.4-BL","C107671",""
"U8","PCM1808PWR","cubevox_h7core:TSSOP-14_L5.0-W4.4-P0.65-LS6.4-BL","C55513",""
"U101","CD74HC4067","cubevox:SSOP-24_L8.1-W5.3-P0.65-LS7.8-BL","C98457",""
"U103","AP63205WU-7","cubevox:TSOT-23-6_L2.9-W1.6-P0.95-LS2.8-BL","C2071056",""
"U104-U106","OPA2197IDR","cubevox:SOIC-8_L4.9-W3.9-P1.27-LS6.0-BL","C139363",""
"U107","SP809EK-L-2-9/TR","Package_TO_SOT_SMD:SOT-23","C412495",""
"U108","OPA197IDBVR","Package_TO_SOT_SMD:SOT-23-5","C221351",""
"Y1","25MHz 12pF","cubevox_h7core:CRYSTAL-SMD_4P-L3.2-W2.5-BL","C9006",""
