Ref,Val,Package,PosX,PosY,Rot,Side
"C2","100nF","C_0603_1608Metric",85.600000,-90.775000,-90.000000,top
"C3","100nF","C_0603_1608Metric",106.400000,-90.275000,-90.000000,top
"C4","100nF","C_0603_1608Metric",93.350000,-94.500000,-90.000000,top
"C6","4.7uF","C_0603_1608Metric",106.400000,-77.225000,90.000000,top
"C7","100nF","C_0603_1608Metric",95.000000,-94.500000,-90.000000,top
"C8","1uF","C_0603_1608Metric",103.000000,-98.000000,-90.000000,top
"C9","100nF","C_0603_1608Metric",101.000000,-94.500000,-90.000000,top
"C10","1uF","C_0603_1608Metric",107.500000,-98.000000,-90.000000,top
"C11","100nF","C_0603_1608Metric",103.000000,-94.500000,-90.000000,top
"C12","2.2uF","C_0603_1608Metric",109.000000,-79.000000,0.000000,top
"C13","2.2uF","C_0603_1608Metric",90.000000,-73.500000,90.000000,top
"C14","100nF","C_0603_1608Metric",60.950000,-86.150000,0.000000,top
"C15","15pF","C_0603_1608Metric",92.750000,-100.750000,-90.000000,top
"C16","15pF","C_0603_1608Metric",99.000000,-101.000000,-90.000000,top
"C18","C_0603_1608Metric","C_0603_1608Metric",111.910000,-40.775000,-90.000000,top
"C19","100uF 10V","CP_EIA-6032-28_Kemet-C",109.000000,-46.000000,0.000000,top
"C20","22uF","C_1206_3216Metric",92.000000,-60.900000,-90.000000,top
"C21","22uF","C_1206_3216Metric",85.850000,-69.275000,-90.000000,top
"C22","22uF","C_1206_3216Metric",88.600000,-69.275000,-90.000000,top
"C23","100nF","C_0603_1608Metric",96.275000,-63.875000,180.000000,top
"C24","1uF","C_0603_1608Metric",155.000000,-49.075000,90.000000,top
"C25","2.2uF","C_0603_1608Metric",148.000000,-48.675000,90.000000,top
"C27","100nF","C_0603_1608Metric",144.440000,-134.000000,-90.000000,top
"C28","10uF","C_0603_1608Metric",141.000000,-131.080000,180.000000,top
"C29","100nF","C_0603_1608Metric",165.000000,-102.400000,0.000000,top
"C30","10uF","C_0603_1608Metric",165.000000,-100.300000,0.000000,top
"C32","10uF","C_0603_1608Metric",103.860000,-73.500000,90.000000,top
"C33","100nF","C_0603_1608Metric",86.250000,-104.670000,0.000000,top
"C34","2.2uF","C_0603_1608Metric",69.400000,-104.800000,-90.000000,top
"C35","2.2uF","C_0603_1608Metric",72.400000,-105.980000,180.000000,top
"C44","22uF","C_1206_3216Metric",134.175000,-101.500000,180.000000,top
"C45","100nF","C_0603_1608Metric",130.000000,-103.500000,0.000000,top
"C46","10uF","C_0603_1608Metric",129.225000,-99.190000,90.000000,top
"C47","100nF","C_0603_1608Metric",130.000000,-101.500000,0.000000,top
"C48","10uF","C_0603_1608Metric",133.500000,-106.000000,0.000000,top
"C49","100nF","C_0603_1608Metric",130.000000,-105.500000,0.000000,top
"C55","1nF","C_0603_1608Metric",113.500000,-97.000000,-90.000000,top
"C56","10nF","C_0402_1005Metric",86.900000,-90.480000,-90.000000,top
"C57","100nF","C_0402_1005Metric",88.250000,-74.000000,90.000000,top
"C58","10nF","C_0402_1005Metric",105.100000,-89.980000,-90.000000,top
"C61","100nF","C_0402_1005Metric",105.100000,-77.520000,90.000000,top
"C101","100nF","C0603",72.400000,-107.930000,180.000000,top
"C111","2.2uF","C0603",72.400000,-103.370000,180.000000,top
"C112","22uF","C1206",99.500000,-53.000000,90.000000,top
"C113","100nF","C0603",97.000000,-53.000000,90.000000,top
"C114","22uF","C1206",100.500000,-46.000000,-90.000000,top
"C115","22uF","C1206",103.500000,-46.000000,-90.000000,top
"C116","100nF","C0603",93.500000,-50.000000,0.000000,top
"C117","10uF","C1206",157.600000,-65.599999,90.000000,top
"C118","100nF","C0603",202.400000,-84.000000,-90.000000,top
"C119","100pF","C0603",215.000000,-63.500000,-90.000000,top
"C120","47uF 25V","CAP-SMD_BD6.3-L6.6-W6.6-LS7.6-FD",212.000000,-70.500000,90.000000,top
"C121","10uF 25V","CAP-SMD_BD4.0-L4.3-W4.3-FD",218.500000,-70.500000,90.000000,top
"C123","100pF","C0603",201.000000,-63.500000,-90.000000,top
"C124","47uF 25V","CAP-SMD_BD6.3-L6.6-W6.6-LS7.6-FD",198.000000,-70.500000,90.000000,top
"C125","10uF 25V","CAP-SMD_BD4.0-L4.3-W4.3-FD",191.500000,-70.500000,90.000000,top
"C127","100nF","C0603",227.500000,-78.500000,0.000000,top
"C128","47pF","C0603",211.550000,-83.500000,0.000000,top
"C129","47pF","C0603",198.450000,-85.000000,180.000000,top
"C130","100nF","C0603",77.600000,-85.300000,90.000000,top
"C132","47pF","C0603",231.070000,-78.500000,0.000000,top
"C134","100nF","C0603",133.500000,-97.875000,-90.000000,top
"C135","10uF","C1206",166.500000,-94.500000,-90.000000,top
"C136","2.2nF","C0603",117.750000,-97.450000,90.000000,top
"C137","10uF","C1206",117.750000,-104.000000,-90.000000,top
"C138","10uF","C1206",112.000000,-105.500000,180.000000,top
"C139","10uF 25V","CAP-SMD_BD4.0-L4.3-W4.3-FD",65.750000,-102.700000,-90.000000,top
"C141","10uF 25V","CAP-SMD_BD4.0-L4.3-W4.3-FD",79.600000,-79.000000,90.000000,top
"C142","10nF","C0603",150.060000,-136.500000,-90.000000,top
"C143","100nF","C0603",179.442000,-60.500000,0.000000,top
"C144","100nF","C0603",166.942000,-60.500000,180.000000,top
"C145","100nF","C0603",179.440000,-80.500000,0.000000,top
"C146","100nF","C0603",67.700000,-153.600000,0.000000,top
"C147","100nF","C0603",61.300000,-153.600000,180.000000,top
"C148","100nF","C0603",94.000000,-127.000000,0.000000,top
"C149","100nF","C0603",86.700000,-129.600000,0.000000,top
"C150","100nF","C0603",62.000000,-123.400000,-90.000000,top
"C151","100nF","C0603",86.000000,-123.400000,-90.000000,top
"C152","100nF","C0603",110.000000,-123.400000,-90.000000,top
"C153","100nF","C0603",134.000000,-123.400000,-90.000000,top
"C154","100nF","C0603",158.000000,-123.400000,-90.000000,top
"C155","100nF","C0603",182.000000,-123.400000,-90.000000,top
"C156","100nF","C0603",206.000000,-123.400000,-90.000000,top
"C157","100nF","C0603",230.000000,-123.400000,-90.000000,top
"C158","22uF 25V NP","CAP-SMD_BD6.3-L6.6-W6.6-FD",205.500000,-90.000000,180.000000,top
"C159","100uF 10V","CAP-SMD_BD5.0-L5.3-W5.3-LS6.3-FD",239.500000,-82.000000,-90.000000,top
"C160","10uF 25V","CAP-SMD_BD4.0-L4.3-W4.3-FD",157.500000,-97.000000,0.000000,top
"C161","2.2nF","C0603",63.250000,-106.950000,180.000000,top
"C162","100nF","C0603",95.300000,-74.190000,180.000000,top
"C163","100nF","C0603",114.500000,-87.200000,-90.000000,top
"C164","10uF","C_0805_2012Metric",105.100000,-98.175000,-90.000000,top
"C165","100nF","C_0402_1005Metric",83.540000,-103.370000,0.000000,top
"C166","100nF","C_0402_1005Metric",160.450000,-49.430000,0.000000,top
"C167","100nF","C_0402_1005Metric",163.850000,-88.550000,0.000000,top
"C168","10uF","C_0805_2012Metric",75.600000,-85.050000,90.000000,top
"C169","10uF","C_0805_2012Metric",68.500000,-91.280000,-90.000000,top
"D1","USER red","LED-SMD_L1.6-W0.8-R-RD",111.800000,-82.500000,180.000000,top
"D2","USBLC6-2SC6","SOT-23-6_L2.9-W1.6-P0.95-LS2.8-BL",114.800000,-39.500000,0.000000,top
"D3","PWR red","LED-SMD_L1.6-W0.8-R-RD",108.300000,-76.070000,90.000000,top
"D104","1N4148W","SOD-123F_L2.7-W1.6-LS3.8-RD",86.000000,-97.600000,-90.000000,top
"D105","SMBJ15CA","SMB_L4.4-W3.6-LS5.4-BI",229.590000,-49.000000,90.000000,top
"D106","SS34","SMA_L4.3-W2.6-LS5.2-RD",234.350000,-49.000000,90.000000,top
"D107","BAT54S","SOT-23_L2.9-W1.3-P1.90-LS2.4-BR",212.000000,-63.500000,-90.000000,top
"D108","BAT54S","SOT-23_L2.9-W1.3-P1.90-LS2.4-BR",198.000000,-63.500000,-90.000000,top
"D109","1N4148W","SOD-123F_L2.7-W1.6-LS3.8-RD",71.200000,-70.600000,90.000000,top
"ENC101","EC11E15244B2","SW-TH_EC11E",173.942000,-70.500000,180.000000,top
"ENC102","EC11E15204A3","SW-TH_EC11E",64.500000,-164.000000,180.000000,top
"ENC103","EC11E15204A3","SW-TH_EC11E",88.500000,-164.000000,180.000000,top
"FB1","120R@100MHz","L_0603_1608Metric",101.000000,-98.012500,90.000000,top
"FB101","120R@100MHz","L_0603_1608Metric",157.600000,-61.000000,-90.000000,top
"FB102","120R@100MHz","L_0603_1608Metric",68.500000,-74.800000,-90.000000,top
"J1","USB-C","USB-C-SMD_TYPE-C16PIN",115.000000,-33.760000,180.000000,top
"J117","OLED SH1106","OLED-1.3-SH1106-I2C-4P",135.785000,-72.500000,0.000000,top
"K101","G6K-2F-Y DC5","RELAY-SMD_G6K-2F-X-XX",79.200000,-97.600000,180.000000,top
"K102","G6K-2F-Y DC5","RELAY-SMD_G6K-2F-X-XX",78.000000,-70.500000,0.000000,top
"L1","3.9uH","IND-SMD_L5.0-W5.0",93.500000,-67.800000,0.000000,top
"L101","4.7uH","IND-SMD_L5.0-W5.0_ANR5040T",96.000000,-46.000000,0.000000,top
"Q101","MMBT3904","SOT-23-3_L2.9-W1.3-P1.90-LS2.4-BR",71.500000,-77.500000,0.000000,top
"R1","0R","R_0603_1608Metric",99.000000,-95.000000,-90.000000,top
"R2","10k","R_0603_1608Metric",61.000000,-96.150000,0.000000,top
"R3","680R","R_0603_1608Metric",108.400000,-82.500000,0.000000,top
"R4","5.1k","R_0603_1608Metric",118.110000,-40.500000,-90.000000,top
"R5","5.1k","R_0603_1608Metric",110.010000,-40.500000,-90.000000,top
"R6","33k","R_0603_1608Metric",120.110000,-40.500000,-90.000000,top
"R7","82k","R_0603_1608Metric",122.110000,-40.500000,90.000000,top
"R10","680R","R_0603_1608Metric",108.300000,-72.800000,-90.000000,top
"R16","10k","R_0603_1608Metric",112.825000,-92.000000,0.000000,top
"R20","10R","R_0603_1608Metric",135.650000,-98.000000,-90.000000,top
"R27","33R","R_0402_1005Metric",88.150000,-94.000000,-90.000000,top
"R29","33R","R_0603_1608Metric",91.500000,-95.250000,-90.000000,top
"R30","100R","R_0603_1608Metric",114.325000,-94.400000,180.000000,top
"R101","47R","R0603",212.000000,-59.500000,-90.000000,top
"R102","22k","R0603",211.500000,-79.300000,180.000000,top
"R103","1.2k","R0603",211.500000,-77.500000,0.000000,top
"R104","47R","R0603",198.000000,-59.500000,-90.000000,top
"R105","22k","R0603",198.500000,-79.500000,0.000000,top
"R106","1.2k","R0603",198.500000,-77.600000,180.000000,top
"R108","4.53k","R0603",211.500000,-81.400000,0.000000,top
"R109","1k","R0603",198.500000,-87.000000,180.000000,top
"R110","4.53k","R0603",198.500000,-83.000000,180.000000,top
"R111","10k 0.1%","R0603",231.000000,-90.500000,90.000000,top
"R112","10k 0.1%","R0603",233.000000,-90.500000,-90.000000,top
"R113","10k 0.1%","R0603",229.000000,-90.500000,90.000000,top
"R114","10k 0.1%","R0603",227.000000,-90.500000,-90.000000,top
"R116","330R","R0603",234.500000,-78.500000,0.000000,top
"R117","10k","R0603",162.000000,-94.000000,90.000000,top
"R118","10k","R0603",164.000000,-94.000000,-90.000000,top
"R119","100R","R0603",117.000000,-100.000000,0.000000,top
"R120","10k","R0603",95.250000,-72.400000,0.000000,top
"R122","10k","R0603",65.750000,-97.650000,90.000000,top
"R123","15k","R0603",67.500000,-96.150000,90.000000,top
"R124","100R","R0603",79.600000,-84.600000,90.000000,top
"R125","100k","R0603",75.400000,-77.340000,180.000000,top
"R126","1k","R0603",150.810000,-133.500000,180.000000,top
"R127","10k","R0603",175.692000,-60.500000,0.000000,top
"R128","10k","R0603",170.692000,-60.500000,0.000000,top
"R129","10k","R0603",175.692000,-80.500000,0.000000,top
"R130","10k","R0603",67.750000,-151.500000,180.000000,top
"R131","10k","R0603",61.250000,-151.500000,0.000000,top
"R132","10k","R0603",90.250000,-127.000000,0.000000,top
"R133","10k","R0603",85.250000,-127.000000,0.000000,top
"R134","10k","R0603",64.500000,-123.400000,90.000000,top
"R135","10k","R0603",88.500000,-123.400000,90.000000,top
"R136","10k","R0603",112.500000,-123.400000,90.000000,top
"R137","10k","R0603",136.500000,-123.400000,90.000000,top
"R138","10k","R0603",160.500000,-123.400000,90.000000,top
"R139","10k","R0603",184.500000,-123.400000,90.000000,top
"R140","10k","R0603",208.500000,-123.400000,90.000000,top
"R141","10k","R0603",232.500000,-123.400000,90.000000,top
"R142","4.7k","R0603",137.055000,-50.000000,-90.000000,top
"R143","4.7k","R0603",139.594999,-50.000000,-90.000000,top
"R144","100k","R0603",209.000000,-63.500000,-90.000000,top
"R145","100k","R0603",195.000000,-63.500000,-90.000000,top
"R146","22R","R0603",156.500000,-93.000000,0.000000,top
"R147","470R","R0603",66.500000,-106.950000,180.000000,top
"R148","100k","R0603",218.500000,-76.000000,-90.000000,top
"R149","100k","R0603",191.500000,-76.000000,-90.000000,top
"R150","1k","R0603",71.750000,-82.750000,0.000000,top
"R151","10k","R0603",156.900000,-82.350000,90.000000,top
"R152","10k","R0603",156.900000,-79.100000,90.000000,top
"R153","100k","R0603",71.750000,-80.750000,180.000000,top
"R154","10k","R_0402_1005Metric",68.500000,-86.510000,-90.000000,top
"R155","10k","R_0402_1005Metric",66.200000,-90.330000,180.000000,top
"R156","33R","R_0402_1005Metric",90.500000,-98.600000,-90.000000,top
"R157","33R","R_0402_1005Metric",86.000000,-93.600000,180.000000,top
"RV101","10k","RES-ADJ-TH_RK09D1130C2P",232.500000,-142.000000,0.000000,top
"RV102","10k","RES-ADJ-TH_RK09D1130C2P",232.500000,-168.000000,0.000000,top
"RV103","10k","RES-ADJ-TH_RK09D1130C2P",64.500000,-142.000000,0.000000,top
"RV104","10k","RES-ADJ-TH_RK09D1130C2P",88.500000,-142.000000,0.000000,top
"RV105","10k","RES-ADJ-TH_RK09D1130C2P",112.500000,-142.000000,0.000000,top
"RV106","10k","RES-ADJ-TH_RK09D1130C2P",112.500000,-168.000000,0.000000,top
"RV107","10k","RES-ADJ-TH_RK09D1130C2P",136.500000,-142.000000,0.000000,top
"RV108","10k","RES-ADJ-TH_RK09D1130C2P",136.500000,-168.000000,0.000000,top
"RV109","10k","RES-ADJ-TH_RK09D1130C2P",160.500000,-142.000000,0.000000,top
"RV110","10k","RES-ADJ-TH_RK09D1130C2P",160.500000,-168.000000,0.000000,top
"RV111","10k","RES-ADJ-TH_RK09D1130C2P",184.500000,-142.000000,0.000000,top
"RV112","10k","RES-ADJ-TH_RK09D1130C2P",184.500000,-168.000000,0.000000,top
"RV113","10k","RES-ADJ-TH_RK09D1130C2P",208.500000,-142.000000,0.000000,top
"RV114","10k","RES-ADJ-TH_RK09D1130C2P",208.500000,-168.000000,0.000000,top
"RVGAIN1","10k GAIN","RES-ADJ-TH_RK09D1130C2P",232.500000,-65.000000,0.000000,top
"SW101","ST-0-102 bat toggle","SW-TH_3P-L8.3-W5.2-P2.54_ST-0-102-A01-T000",64.500000,-115.000000,90.000000,top
"SW102","ST-0-102 bat toggle","SW-TH_3P-L8.3-W5.2-P2.54_ST-0-102-A01-T000",88.500000,-115.000000,90.000000,top
"SW103","ST-0-102 bat toggle","SW-TH_3P-L8.3-W5.2-P2.54_ST-0-102-A01-T000",112.500000,-115.000000,90.000000,top
"SW104","ST-0-102 bat toggle","SW-TH_3P-L8.3-W5.2-P2.54_ST-0-102-A01-T000",136.500000,-115.000000,90.000000,top
"SW105","ST-0-102 bat toggle","SW-TH_3P-L8.3-W5.2-P2.54_ST-0-102-A01-T000",160.500000,-115.000000,90.000000,top
"SW106","ST-0-102 bat toggle","SW-TH_3P-L8.3-W5.2-P2.54_ST-0-102-A01-T000",184.500000,-115.000000,90.000000,top
"SW107","ST-0-102 bat toggle","SW-TH_3P-L8.3-W5.2-P2.54_ST-0-102-A01-T000",208.500000,-115.000000,90.000000,top
"SW108","ST-0-102 bat toggle","SW-TH_3P-L8.3-W5.2-P2.54_ST-0-102-A01-T000",232.500000,-115.000000,90.000000,top
"SWBOOT1","BOOT0","SW-SMD_4P-L5.1-W5.1-P3.70-LS6.5-TL_H1.5",55.000000,-98.000000,0.000000,top
"SWBYPASS1","ST-0-102 bat toggle","SW-TH_3P-L8.3-W5.2-P2.54_ST-0-102-A01-T000",64.500000,-62.000000,90.000000,top
"SWRESET1","RESET","SW-SMD_4P-L5.1-W5.1-P3.70-LS6.5-TL_H1.5",55.000000,-88.000000,0.000000,top
"U1","STM32H743VIT6","LQFP-100_L14.0-W14.0-P0.50-LS16.0-BL",96.000000,-84.000000,0.000000,top
"U3","AP63203WU-7","TSOT-26_L2.9-W1.6-P0.95-LS2.8-BL",95.500000,-60.900000,180.000000,top
"U4","TLV75533PDBVR","SOT-23-5_L3.0-W1.7-P0.95-LS2.8-BR",151.500000,-48.500000,0.000000,top
"U6","PCM5102APWR","TSSOP-20_L6.5-W4.4-P0.65-LS6.4-BL",78.400000,-106.300000,-90.000000,top
"U8","PCM1808PWR","TSSOP-14_L5.0-W4.4-P0.65-LS6.4-BL",124.000000,-102.500000,90.000000,top
"U101","CD74HC4067","SSOP-24_L8.1-W5.3-P0.65-LS7.8-BL",148.000000,-127.500000,90.000000,top
"U103","AP63205WU-7","TSOT-23-6_L2.9-W1.6-P0.95-LS2.8-BL",94.000000,-53.000000,0.000000,top
"U104","OPA2197IDR","SOIC-8_L4.9-W3.9-P1.27-LS6.0-BL",205.000000,-79.500000,90.000000,top
"U105","OPA2197IDR","SOIC-8_L4.9-W3.9-P1.27-LS6.0-BL",231.000000,-84.500000,0.000000,top
"U106","OPA2197IDR","SOIC-8_L4.9-W3.9-P1.27-LS6.0-BL",75.000000,-89.700000,-90.000000,top
"U107","SP809EK-L-2-9/TR","SOT-23",157.750000,-48.490000,-90.000000,top
"U108","OPA197IDBVR","SOT-23-5",160.750000,-89.500000,0.000000,top
"Y1","25MHz 12pF","CRYSTAL-SMD_4P-L3.2-W2.5-BL",96.200000,-98.700000,-90.000000,top
