Designator,Mid X,Mid Y,Layer,Rotation
C2,85.600000,-90.775000,Top,-90.000000
C3,106.900000,-90.775000,Top,-90.000000
C4,93.350000,-94.500000,Top,-90.000000
C6,106.400000,-77.225000,Top,90.000000
C7,95.000000,-94.500000,Top,-90.000000
C8,103.000000,-98.000000,Top,-90.000000
C9,101.000000,-94.500000,Top,-90.000000
C10,107.500000,-98.000000,Top,-90.000000
C11,103.000000,-94.500000,Top,-90.000000
C12,109.000000,-79.000000,Top,0.000000
C13,90.000000,-73.500000,Top,90.000000
C14,65.819999,-86.925000,Top,-90.000000
C15,92.750000,-100.750000,Top,-90.000000
C16,99.000000,-101.000000,Top,-90.000000
C18,111.910000,-40.775000,Top,-90.000000
C19,109.000000,-46.000000,Top,0.000000
C20,92.000000,-60.900000,Top,-90.000000
C21,85.850000,-69.275000,Top,-90.000000
C22,88.600000,-69.275000,Top,-90.000000
C23,96.275000,-63.875000,Top,180.000000
C24,155.000000,-49.075000,Top,90.000000
C25,148.000000,-48.675000,Top,90.000000
C27,144.440000,-134.000000,Top,-90.000000
C28,141.000000,-131.080000,Top,180.000000
C29,165.000000,-102.400000,Top,0.000000
C30,165.000000,-100.300000,Top,0.000000
C32,103.860000,-73.500000,Top,90.000000
C33,86.250000,-104.670000,Top,0.000000
C34,69.400000,-104.795000,Top,-90.000000
C35,72.400000,-106.110000,Top,180.000000
C44,134.175000,-101.500000,Top,180.000000
C45,130.000000,-103.500000,Top,0.000000
C46,129.225000,-99.190000,Top,90.000000
C47,130.000000,-101.500000,Top,0.000000
C48,133.500000,-106.000000,Top,0.000000
C49,130.000000,-105.500000,Top,0.000000
C55,114.200000,-97.000000,Top,-90.000000
C56,86.900000,-90.480000,Top,-90.000000
C57,88.250000,-74.000000,Top,90.000000
C58,105.600000,-90.480000,Top,-90.000000
C61,105.100000,-77.520000,Top,90.000000
C101,72.400000,-107.930000,Top,180.000000
C111,72.200000,-102.600000,Top,180.000000
C112,99.500000,-53.000000,Top,90.000000
C113,97.000000,-53.000000,Top,90.000000
C114,100.500000,-44.410000,Top,90.000000
C115,103.500000,-47.590000,Top,-90.000000
C116,93.500000,-50.000000,Top,0.000000
C117,157.600000,-65.599999,Top,90.000000
C118,202.400000,-84.000000,Top,-90.000000
C119,215.000000,-63.500000,Top,-90.000000
C120,212.000000,-70.500000,Top,90.000000
C121,218.500000,-70.500000,Top,90.000000
C123,201.000000,-63.500000,Top,-90.000000
C124,198.000000,-70.500000,Top,90.000000
C125,191.500000,-70.500000,Top,90.000000
C127,227.500000,-78.500000,Top,0.000000
C128,211.550000,-83.500000,Top,0.000000
C129,198.450000,-85.000000,Top,180.000000
C130,77.600000,-85.300000,Top,90.000000
C132,231.070000,-78.500000,Top,0.000000
C134,133.500000,-97.875000,Top,-90.000000
C135,166.500000,-94.840000,Top,-90.000000
C136,117.750000,-97.450000,Top,90.000000
C137,117.750000,-104.000000,Top,-90.000000
C138,121.200000,-108.100000,Top,-90.000000
C139,65.750000,-102.700000,Top,-90.000000
C141,79.600000,-79.000000,Top,90.000000
C142,150.060000,-136.500000,Top,-90.000000
C143,179.442000,-60.500000,Top,0.000000
C144,166.942000,-60.500000,Top,180.000000
C145,179.440000,-80.500000,Top,0.000000
C150,62.000000,-123.400000,Top,-90.000000
C151,86.000000,-123.400000,Top,-90.000000
C152,110.000000,-123.400000,Top,-90.000000
C153,134.000000,-123.400000,Top,-90.000000
C154,158.000000,-123.400000,Top,-90.000000
C155,182.000000,-123.400000,Top,-90.000000
C156,206.000000,-123.400000,Top,-90.000000
C157,230.000000,-123.400000,Top,-90.000000
C158,205.500000,-90.000000,Top,180.000000
C159,237.000000,-83.600000,Top,-90.000000
C160,157.500000,-97.000000,Top,0.000000
C161,63.250000,-106.950000,Top,180.000000
C162,95.300000,-74.190000,Top,180.000000
C163,115.600000,-73.500000,Top,-90.000000
C164,105.100000,-98.175000,Top,-90.000000
C165,83.540000,-103.370000,Top,0.000000
C166,160.450000,-49.430000,Top,0.000000
C167,163.850000,-88.550000,Top,0.000000
C168,75.600000,-85.050000,Top,90.000000
C169,68.500000,-91.280000,Top,-90.000000
C170,71.950000,-100.400000,Top,180.000000
D1,82.930000,-87.250000,Top,90.000000
D2,114.800000,-39.500000,Top,0.000000
D3,108.300000,-76.070000,Top,90.000000
D105,229.590000,-49.000000,Top,90.000000
D106,234.350000,-49.000000,Top,90.000000
D107,212.000000,-63.500000,Top,-90.000000
D108,198.000000,-63.500000,Top,-90.000000
D109,71.200000,-70.600000,Top,90.000000
ENC101,173.942000,-70.500000,Top,180.000000
FB1,101.000000,-98.012500,Top,90.000000
FB101,157.600000,-61.000000,Top,-90.000000
FB102,68.500000,-74.800000,Top,-90.000000
J1,115.000000,-33.760000,Top,180.000000
J117,135.785000,-57.750000,Top,0.000000
K102,78.000000,-70.500000,Top,0.000000
L1,93.500000,-67.800000,Top,0.000000
L101,96.000000,-46.000000,Top,0.000000
Q101,71.500000,-77.500000,Top,0.000000
R1,99.000000,-95.000000,Top,-90.000000
R2,65.819999,-93.525000,Top,90.000000
R3,85.500000,-86.500000,Top,180.000000
R4,118.110000,-40.500000,Top,-90.000000
R5,110.010000,-40.500000,Top,-90.000000
R6,120.110000,-40.500000,Top,-90.000000
R7,122.110000,-40.500000,Top,90.000000
R10,108.300000,-72.800000,Top,-90.000000
R16,98.500000,-106.000000,Top,0.000000
R20,135.650000,-98.000000,Top,-90.000000
R27,88.150000,-94.000000,Top,-90.000000
R29,91.500000,-95.250000,Top,-90.000000
R30,115.025000,-94.400000,Top,180.000000
R101,212.000000,-59.500000,Top,-90.000000
R102,211.500000,-79.300000,Top,180.000000
R103,211.500000,-77.500000,Top,0.000000
R104,198.000000,-59.500000,Top,-90.000000
R105,198.500000,-79.500000,Top,0.000000
R106,198.500000,-77.600000,Top,180.000000
R108,211.500000,-81.400000,Top,0.000000
R109,198.500000,-87.000000,Top,180.000000
R110,198.500000,-83.000000,Top,180.000000
R111,231.000000,-90.500000,Top,90.000000
R112,233.000000,-90.500000,Top,-90.000000
R113,229.000000,-90.500000,Top,90.000000
R114,227.000000,-90.500000,Top,-90.000000
R116,234.500000,-78.500000,Top,0.000000
R117,162.000000,-94.000000,Top,90.000000
R118,164.000000,-94.000000,Top,-90.000000
R119,117.000000,-100.000000,Top,0.000000
R120,95.250000,-72.400000,Top,0.000000
R122,65.750000,-97.650000,Top,90.000000
R123,67.500000,-96.150000,Top,90.000000
R124,79.600000,-84.600000,Top,90.000000
R125,75.400000,-77.340000,Top,180.000000
R126,150.810000,-133.500000,Top,180.000000
R127,175.692000,-60.500000,Top,0.000000
R128,169.942000,-60.400000,Top,-90.000000
R129,175.692000,-80.500000,Top,0.000000
R134,64.500000,-123.400000,Top,90.000000
R135,88.500000,-123.400000,Top,90.000000
R136,112.500000,-123.400000,Top,90.000000
R137,136.500000,-123.400000,Top,90.000000
R138,160.500000,-123.400000,Top,90.000000
R139,184.500000,-123.400000,Top,90.000000
R140,208.500000,-123.400000,Top,90.000000
R141,232.500000,-123.400000,Top,90.000000
R142,137.055000,-50.000000,Top,-90.000000
R143,139.594999,-50.000000,Top,-90.000000
R144,209.000000,-63.500000,Top,-90.000000
R145,195.000000,-63.500000,Top,-90.000000
R146,156.500000,-93.000000,Top,0.000000
R147,66.500000,-106.950000,Top,180.000000
R148,218.500000,-76.000000,Top,-90.000000
R149,191.500000,-76.000000,Top,-90.000000
R150,71.750000,-82.750000,Top,0.000000
R151,156.900000,-82.350000,Top,90.000000
R152,156.900000,-79.100000,Top,90.000000
R153,71.750000,-80.750000,Top,180.000000
R154,68.500000,-86.510000,Top,-90.000000
R155,66.200000,-90.330000,Top,180.000000
R156,90.500000,-98.600000,Top,-90.000000
R157,86.000000,-93.600000,Top,180.000000
R158,154.900000,-46.110000,Top,-90.000000
RV101,232.500000,-142.000000,Top,0.000000
RV102,232.500000,-168.000000,Top,0.000000
RV103,64.500000,-142.000000,Top,0.000000
RV104,88.500000,-142.000000,Top,0.000000
RV105,112.500000,-142.000000,Top,0.000000
RV106,112.500000,-168.000000,Top,0.000000
RV107,136.500000,-142.000000,Top,0.000000
RV108,136.500000,-168.000000,Top,0.000000
RV109,160.500000,-142.000000,Top,0.000000
RV110,160.500000,-168.000000,Top,0.000000
RV111,184.500000,-142.000000,Top,0.000000
RV112,184.500000,-168.000000,Top,0.000000
RV113,208.500000,-142.000000,Top,0.000000
RV114,208.500000,-168.000000,Top,0.000000
RV115,64.500000,-168.000000,Top,0.000000
RV116,88.500000,-168.000000,Top,0.000000
RVGAIN1,232.500000,-65.000000,Top,0.000000
SW101,64.500000,-115.000000,Top,90.000000
SW102,88.500000,-115.000000,Top,90.000000
SW103,112.500000,-115.000000,Top,90.000000
SW104,136.500000,-115.000000,Top,90.000000
SW105,160.500000,-115.000000,Top,90.000000
SW106,184.500000,-115.000000,Top,90.000000
SW107,208.500000,-115.000000,Top,90.000000
SW108,232.500000,-115.000000,Top,90.000000
SWBOOT1,61.000000,-96.200000,Top,0.000000
SWBYPASS1,64.500000,-62.000000,Top,90.000000
SWRESET1,61.000000,-88.000000,Top,0.000000
U1,96.000000,-84.000000,Top,0.000000
U3,95.500000,-60.900000,Top,180.000000
U4,151.500000,-48.500000,Top,0.000000
U6,78.400000,-106.300000,Top,-90.000000
U8,124.000000,-102.500000,Top,90.000000
U101,148.000000,-127.500000,Top,90.000000
U103,94.000000,-53.000000,Top,0.000000
U104,205.000000,-79.500000,Top,90.000000
U105,231.000000,-84.500000,Top,0.000000
U106,75.000000,-89.700000,Top,-90.000000
U107,157.750000,-48.490000,Top,-90.000000
U108,160.750000,-89.500000,Top,0.000000
Y1,96.200000,-98.700000,Top,-90.000000
