Comment,Designator,Footprint,LCSC Part #
100nF,"C2,C3,C4,C7,C9,C11,C14,C23,C27,C29,C33,C45,C47,C49,C101,C113,C116,C118,C127,C130,C134,C143,C144,C145,C150,C151,C152,C153,C154,C155,C156,C157,C162,C163",C0603 / C_0603_1608Metric,C14663
4.7uF,C6,C_0603_1608Metric,C19666
1uF,"C8,C10,C24",C_0603_1608Metric,C15849
2.2uF,"C12,C13,C25,C34,C35,C111",C0603 / C_0603_1608Metric,C23630
15pF,"C15,C16",C_0603_1608Metric,C1644
1uF,C18,C_0603_1608Metric,C90540
100uF 10V,C19,CP_EIA-6032-28_Kemet-C,C8649
22uF,"C20,C21,C22,C44,C112,C114,C115",C1206 / C_1206_3216Metric,C12891
10uF,"C28,C30,C32,C46,C48",C_0603_1608Metric,C19702
1nF,C55,C_0603_1608Metric,C1588
10nF,"C56,C58",C_0402_1005Metric,C15195
100nF,"C57,C61,C165,C166,C167",C_0402_1005Metric,C1525
10uF,"C117,C135,C137,C138",C1206,C14860
100pF,"C119,C123",C0603,C14858
47uF 25V,"C120,C124",CAP-SMD_BD6.3-L6.6-W6.6-LS7.6-FD,C72521
10uF 25V,"C121,C125,C139,C141,C160",CAP-SMD_BD4.0-L4.3-W4.3-FD,C72484
47pF,"C128,C129,C132",C0603,C1671
2.2nF,"C136,C161",C0603,C2991172
10nF,C142,C0603,C57112
22uF 25V NP,C158,CAP-SMD_BD6.3-L6.6-W6.6-FD,C413679
100uF 10V,C159,CAP-SMD_BD5.0-L5.3-W5.3-LS6.3-FD,C191859
10uF,"C164,C168,C169,C170",C_0805_2012Metric,C15850
USER red / PWR red,"D1,D3",LED-SMD_L1.6-W0.8-R-RD,C2286
USBLC6-2SC6,D2,SOT-23-6_L2.9-W1.6-P0.95-LS2.8-BL,C2687116
SMBJ20CA,D105,SMB_L4.4-W3.6-LS5.4-BI,C113992
SS34,D106,SMA_L4.3-W2.6-LS5.2-RD,C8678
BAT54S,"D107,D108",SOT-23_L2.9-W1.3-P1.90-LS2.4-BR,C19726
1N4148W,D109,SOD-123F_L2.7-W1.6-LS3.8-RD,C81598
EC11E15244B2,ENC101,SW-TH_EC11E,C470754
120R@100MHz,"FB1,FB101,FB102",L_0603_1608Metric,C14709
USB-C,J1,USB-C-SMD_TYPE-C16PIN,C393939
OLED SH1106,J117,OLED-1.3-SH1106-I2C-4P,C42379197
G6K-2F-Y DC5,K102,RELAY-SMD_G6K-2F-X-XX,C47190
3.9uH,L1,IND-SMD_L5.0-W5.0,C7427132
4.7uH,L101,IND-SMD_L5.0-W5.0_ANR5040T,C7427135
MMBT3904,Q101,SOT-23-3_L2.9-W1.3-P1.90-LS2.4-BR,C20526
0R,R1,R_0603_1608Metric,C21189
10k,"R2,R16,R117,R118,R120,R122,R127,R128,R129,R134,R135,R136,R137,R138,R139,R140,R141,R151,R152",R0603 / R_0603_1608Metric,C25804
680R,"R3,R10",R_0603_1608Metric,C23228
5.1k,"R4,R5",R_0603_1608Metric,C23186
33k,R6,R_0603_1608Metric,C4216
68k,R7,R_0603_1608Metric,C23231
10R,R20,R_0603_1608Metric,C22859
33R,"R27,R156,R157",R_0402_1005Metric,C25105
33R,R29,R_0603_1608Metric,C23140
100R,"R30,R119,R124",R0603 / R_0603_1608Metric,C22775
47R,"R101,R104",R0603,C23182
22k,"R102,R105",R0603,C31850
1.2k,"R103,R106",R0603,C22765
4.53k,"R108,R110",R0603,C25971
1k,"R109,R126,R150",R0603,C21190
10k 0.1%,"R111,R112,R113,R114",R0603,C309083
330R,R116,R0603,C23138
15k,R123,R0603,C22809
100k,"R125,R144,R145,R148,R149,R153",R0603,C25803
4.7k,"R142,R143",R0603,C23162
22R,R146,R0603,C23345
470R,R147,R0603,C23179
10k,"R154,R155",R_0402_1005Metric,C25744
100k,R158,R_0402_1005Metric,C25741
10k,"RV101,RV102,RV103,RV104,RV105,RV106,RV107,RV108,RV109,RV110,RV111,RV112,RV113,RV114,RV115,RV116",RES-ADJ-TH_RK09D1130C2P,C361173
10k GAIN,RVGAIN1,RES-ADJ-TH_RK09D1130C2P,C470307
ST-0-102 bat toggle,"SW101,SW102,SW103,SW104,SW105,SW106,SW107,SW108,SWBYPASS1",SW-TH_3P-L8.3-W5.2-P2.54_ST-0-102-A01-T000,C1788487
BOOT0 / RESET,"SWBOOT1,SWRESET1",SW-SMD_4P-L5.1-W5.1-P3.70-LS6.5-TL_H1.5,C318884
STM32H743VIT6,U1,LQFP-100_L14.0-W14.0-P0.50-LS16.0-BL,C114409
AP63203WU-7,U3,TSOT-26_L2.9-W1.6-P0.95-LS2.8-BL,C780769
TLV75533PDBVR,U4,SOT-23-5_L3.0-W1.7-P0.95-LS2.8-BR,C404027
PCM5102APWR,U6,TSSOP-20_L6.5-W4.4-P0.65-LS6.4-BL,C107671
PCM1808PWR,U8,TSSOP-14_L5.0-W4.4-P0.65-LS6.4-BL,C55513
CD74HC4067,U101,SSOP-24_L8.1-W5.3-P0.65-LS7.8-BL,C98457
AP63205WU-7,U103,TSOT-23-6_L2.9-W1.6-P0.95-LS2.8-BL,C2071056
OPA2197IDR,"U104,U105,U106",SOIC-8_L4.9-W3.9-P1.27-LS6.0-BL,C139363
SP809EK-L-2-9/TR,U107,SOT-23,C412495
OPA197IDBVR,U108,SOT-23-5,C221351
25MHz 12pF,Y1,CRYSTAL-SMD_4P-L3.2-W2.5-BL,C9006
